"variable","shapiro_p"
"rhizomes_length",0.0890462036869918
"underbiomass",0.277130280663162
"abovebiomass",0.0875686086670549
"totalbiomass",0.669290826096249
