"variable","shapiro_p"
"node_number",0.718666756576235
"underbiomass",0.456512624925412
"abovebiomass",0.280738314887743
"totalbiomass",0.613485716843653
