"variable","shapiro_p"
"node_number",0.83102578170351
"underbiomass",0.440521392326085
"abovebiomass",0.280738314887764
"totalbiomass",0.61348571684362
