"variable","shapiro_p"
"rhizome_length",0.0890462036869994
"underbiomass",0.292898513537284
"abovebiomass",0.0875686086670454
"totalbiomass",0.662066804350536
